ID SUBGRUPO DE ITENS	ID ITEM	DESCRIÇĂO ITEM	UDM Preço	UDM estoque
3	conc_6530	ARROZ PARBOILIZADO DELIZA 1KG	0	uni
3	conc_2309	FEIJAO RAJADO CINCO ESTRELAS 1KG	0	uni
3	conc_1940	ARROZ PARBOILIZADO PICININ 5KG	0	uni
3	conc_9124	FEIJAO CARIOCA SABOR MAXIMO 1KG	0	uni
3	conc_0342	ARROZ JAPONES MOMIJU 5KG	0	uni
3	conc_7129	ARROZ BRANCO DELIZA T1 2KG	0	uni
PA ARROZ	140	ARROZ BRANCO REDE KRILL T1 (FD 6/5KG)	PACOTE 5 KG	FD 6/5 KG
PA ARROZ	141	ARROZ BRANCO REDE KRILL T1 (FD 30/1KG)	PACOTE 1 KG	FD 30/1 KG
3	conc_1064	ARROZ ARBORIO PEGANINI 1KG	0	uni
3	conc_4038	ARROZ BRANCO RAROZ PREMIUM T1 1KG	0	uni
3	conc_5034	ARROZ BRANCO RAROZ PREMIUM T1 5KG	0	uni
3	conc_8203	FEIJAO FRADINHO COMBRASIL 500G	0	uni
	conc_498	FEIJAO PRETO CALDO CARIOCA 1KG	0	UNI
	13	ARROZ BRANCO FANTASTICO PREMIUM T1 (FD 6/5KG)	0	FD 6/5 KG
3	conc_4712	ARROZ BRANCO CATARINAO T1 5KG	0	uni
3	conc_9872	ARROZ BRANCO FAMIL T1 5KG	0	uni
1	40	FEIJAO CARIOCA FANTASTICO T1 (FD 30/1KG)	0	FD 30/1 KG
3	conc_1877	FEIJAO PRETO PICININ 1KG	0	uni
3	conc_7334	FEIJAO CARIOCA PICININ PREMIUM 1KG	0	uni
3	conc_0042	ARROZ BRANCO CATARINAO T1 1KG	0	uni
3	conc_3398	ARROZ BRANCO PICININ T1 1KG	0	uni
3	conc_6642	ARROZ INTEGRAL CATARINAO 5KG	0	uni
3	conc_3664	MACARRAO SELECT PENE 500G	500g	500g
3	conc_5593	ARROZ BRANCO PICININ PREMIUM T1 1KG	0	uni
3	conc_9928	ARROZ BRANCO PICININ PREMIUM T1 5KG	0	uni
3	conc_8094	ARROZ BRANCO PICININ T1 5KG	0	uni
arrozConcorrente	conc_494	ARROZ BRANCO CAMIL RESERVA 1KG	0	UNI
	17	ARROZ BRANCO PEG JA FT (FD 10/1KG)	0	10/1KG
	10	ARROZ BRANCO PEG JA FT (FD 6/5KG)	Pacote 5 KG	FD 6/5 KG
3	conc_12987	ARROZ PARBOILIZADO DELIZA 5KG	0	uni
3	conc_91094	ARROZ BRANCO DELIZA 5KG	0	uni
3	conc_32545	MACARRAO SELECT PARAFUSO 500G	500g	500g
3	conc_4875	MACARRAO SELECT ESPAGUETE 500G	500g	500g
3	conc_2546541	FEIJAO CARIOCA OFICIAL 1KG	1kg	1kg
3	conc_215465	ARROZ INTEGRAL CAMIL 2KG	1kg	1kg
3	conc_54112	ARROZ INTEGRAL DELIZA 1KG	1kg	1kg
3	conc_6454	ARROZ BRANCO DELIZA 1KG	1kg	1kg
2	0042.2	FEIJAO CARIOCA SABOROSO T1 (FD 30/1KG)	0	FD 30/1 KG
2	0042.3	FEIJAO CARIOCA SABOROSO T1 (FD 30/1KG)	0	FD 30/1 KG
1	0046.1	FEIJAO CARIOCA FANTASTICO T1 (FD 10/1KG)	0	FD 10/1 KG
	76	ARROZ PARBOILIZADO FANTASTICO T1 (FD 10/1KG)	PACOTE 1 KG	FD 10/1 KG
3	conc_29718	ARROZ JAPONES MOJIMI 5KG	0	uni
3	conc_61947	ARROZ JAPONES PRATO FINO 5KG	0	uni
3	conc_02913	ARROZ JAPONES MINAMI MAI 5KG	0	uni
	conc_444	FEIJAO PRETO TUCUMA  1KG	0	UNI
PA ARROZ	conc_445	ARROZ ALBARUSKA 1KG	0	UNI
PA ARROZ	conc_446	ARROZ ALBARUSKA 2KG	0	UNI
arrozConcorrente	conc_447	ARROZ INTEGRAL ALBARUSKA 1KG	0	UNI
arrozConcorrente	conc_448	ARROZ PARBOILIZADO CAMIL 1KG	0	UNI
feijaoConcorrente	conc_443	FEIJAO CARIOCA NAGUMO1KG	0	UNI
	conc_451	MACARRĂO BARILLA PARUFUSO 500G	0	UNI
	conc_449	MACARRĂO BARILLA ESPAGUETE 500G	0	UNI
	conc_450	MACARRĂO BARILLA PENE 500G	0	UNI
	conc_404	ARROZ PEG JA 5KG	0	UNI
arrozConcorrente	conc_412	ARROZ INTEGRAL  URBANO 1KG	0	UNI
arrozConcorrente	conc_406	ARROZ CIAGRO 5KG	0	UNI
arrozConcorrente	conc_407	ARROZ TARUMA 5KG	0	UNI
arrozConcorrente	conc_408	ARROZ CAMIL 5KG	0	UNI
	conc_413	ARROZ INT CAMIL 1KG	0	UNI
arrozConcorrente	conc_409	ARROZ CAMIL 5KG	0	UNI
arrozConcorrente	conc_410	ARROZ PRATO FINO 5KG	0	UNI
arrozConcorrente	conc_411	ARROZ TIO JOĂO 5KG	0	UNI
arrozConcorrente	conc_414	ARROZ CAMIL PARB 5KG	0	UNI
arrozConcorrente	conc_415	ARROZ CAMIL 1KG	0	UNI
arrozConcorrente	conc_416	ARROZ RESERVA IKG	0	UNI
arrozConcorrente	conc_418	ARROZ TARUMA 1KG	0	UNI
arrozConcorrente	conc_419	ARROZ MERCADO VELHO 2KG	0	UNI
arrozConcorrente	conc_420	ARROZ CAMIL 2KG	0	UNI
PA ARROZ	conc_421	ARROZ JAPONES KIZOKU MAI 1KG	0	UNI
3	conc_422	ARROZ JAPONES MOMIJI 1KG	0	UNI
arrozConcorrente	conc_464	ARROZ PARBOILIZADO CARRETEIRO 1KG	0	UNI
arrozConcorrente	conc_465	ARROZ PARBOILIZADO MAXIMO 1KG	0	UNI
arrozConcorrente	conc_466	ARROZ PARBOILIZADO CATARINĂO 1KG	0	UNI
feijaoConcorrente	conc_467	FEIJAO CARIOCA CALDO CARIOCA 1KG	0	UNI
feijaoConcorrente	conc_468	FEIJAO CARIOCA COMBRASIL 1KG	0	UNI
arrozConcorrente	conc_459	ARROZ BRANCO MAXIMO 5KG	0	UNI
arrozConcorrente	conc_469	FEIJAO CARIOCA VILA NOVA 1KG	0	UNI
arrozConcorrente	conc_460	ARROZ BRANCO CATARINĂO 5KG	0	UNI
arrozConcorrente	conc_461	ARROZ BRANCO CARIJO 5KG	0	UNI
arrozConcorrente	conc_462	ARROZ PARBOILIZADO CARRETEIRO 5KG	0	UNI
arrozConcorrente	conc_463	ARROZ BRANCO DONA MILU 1KG	0	UNI
feijaoConcorrente	conc_470	FEIJAO CARIOCA NOLAR 1KG	0	UNI
PA FEIJĂO	conc_061	FEIJAO CARIOCA NENE T1 1KG 100000000000000	un	uni
3	conc_020	ARROZ BRANCO CAMIL RESERVA T1 1KG 100000000000000	0	uni
3	conc_016	ARROZ BRANCO CAMIL T1 1KG 100000000000000	0	uni
PA ARROZ	conc_012	ARROZ BRANCO PRATO FINO T1 1KG	0	uni
PA ARROZ	conc_028	ARROZ BRANCO SOLITO PREMIUM T1 1KG 100000000000000	0	uni
PA ARROZ	conc_024	ARROZ BRANCO SOLITO T1 1KG 100000000000000	0	uni
PA ARROZ	conc_004	ARROZ BRANCO TIO JOAO T1 1KG 100000000000000	0	uni
arrozConcorrente	conc_008	ARROZ BRANCO ALBARUSKA T1 1KG	0	uni
arrozConcorrente	conc_006	ARROZ BRANCO ALBARUSKA T1 2KG	0	uni
3	conc_007	ARROZ BRANCO ALBARUSKA T1 1KG 100000000	0	uni
arrozConcorrente	conc_009	ARROZ BRANCO PRATO FINO T1 5KG	0	uni
arrozConcorrente	conc_010	ARROZ BRANCO PRATO FINO T1 2KG	0	uni
arrozConcorrente	conc_011	ARROZ BRANCO PRATO FINO T1 1KG	0	uni
arrozConcorrente	conc_003	ARROZ BRANCO TIO JOAO T1 1KG	0	uni
arrozConcorrente	conc_002	ARROZ BRANCO TIO JOAO T1 2KG	0	uni
arrozConcorrente	conc_001	ARROZ BRANCO TIO JOAO T1 5KG	0	uni
arrozConcorrente	conc_005	ARROZ BRANCO ALBARUSKA T1 5KG	0	uni
arrozConcorrente	conc_021	ARROZ BRANCO SOLITO T1 5KG	0	uni
arrozConcorrente	conc_019	ARROZ BRANCO CAMIL RESERVA T1 2KG	0	uni
arrozConcorrente	conc_029	ARROZ BRANCO BROTO LEGAL T1 5KG	0	uni
arrozConcorrente	conc_017	ARROZ BRANCO CAMIL RESERVA T1 5KG	0	uni
arrozConcorrente	conc_015	ARROZ BRANCO CAMIL T1 1KG	0	uni
arrozConcorrente	conc_014	ARROZ BRANCO CAMIL T1 2KG	0	uni
arrozConcorrente	conc_013	ARROZ BRANCO CAMIL T1 5KG	0	uni
arrozConcorrente	conc_026	ARROZ BRANCO SOLITO PREMIUM T1 1KG	0	uni
arrozConcorrente	conc_027	ARROZ BRANCO SOLITO PREMIUM T1 2KG	0	uni
arrozConcorrente	conc_025	ARROZ BRANCO SOLITO PREMIUM T1 5KG	0	uni
arrozConcorrente	conc_022	ARROZ BRANCO SOLITO T1 1KG	0	uni
arrozConcorrente	conc_023	ARROZ BRANCO SOLITO T1 2KG	0	uni
arrozConcorrente	conc_018	ARROZ BRANCO CAMIL RESERVA T1 1KG	0	uni
3	conc_030	ARROZ BRANCO BROTO LEGAL T1 1KG 100000000000000	0	uni
arrozConcorrente	conc_032	ARROZ BRANCO BROTO LEGAL T1 1KG	0	uni
arrozConcorrente	conc_031	ARROZ BRANCO BROTO LEGAL T1 2KG	0	uni
arrozConcorrente	conc_034	ARROZ BRANCO CIAGRO T1 1KG	0	uni
arrozConcorrente	conc_033	ARROZ BRANCO CIAGRO T1 5KG	0	uni
3	conc_036	ARROZ BRANCO CIAGRO T1 1KG 100000000000000	0	uni
arrozConcorrente	conc_035	ARROZ BRANCO CIAGRO T1 2KG	0	uni
PA ARROZ	conc_038	ARROZ BRANCO RAROZ T1 1KG 10000000000000000	0	uni
PA ARROZ	conc_041	ARROZ BRANCO RAROZ T1 1KG 22222222222222222222222222	0	uni
arrozConcorrente	conc_037	ARROZ BRANCO RAROZ T1 5KG	0	uni
arrozConcorrente	conc_040	ARROZ BRANCO RAROZ T1 2KG	0	uni
arrozConcorrente	conc_039	ARROZ BRANCO RAROZ T1 1KG	0	uni
arrozConcorrente	conc_043	ARROZ BRANCO MERCADO VELHO T1 1KG	0	uni
feijaoConcorrente	conc_056	FEIJAO CARIOCA BROTO LEGAL T1 1KG	0	uni
arrozConcorrente	conc_044	ARROZ BRANCO MERCADO VELHO T1 2KG	0	uni
arrozConcorrente	conc_042	ARROZ BRANCO MERCADO VELHO T1 5KG	0	uni
arrozConcorrente	conc_047	ARROZ BRANCO NAMORADO T1 1KG	0	uni
arrozConcorrente	conc_048	ARROZ BRANCO NAMORADO T1 2KG	0	uni
feijaoConcorrente	conc_055	FEIJAO CARIOCA KICALDO T1 1KG	0	uni
feijaoConcorrente	conc_051	FEIJAO CARIOCA TARUMA T1 1KG	0	uni
PA ARROZ	conc_045	ARROZ BRANCO MERCADO VELHO T1 1KG 100000000000000	0	uni
PA FEIJĂO	conc_052	FEIJAO CARIOCA PANTERA T1 1KG  0000000	0	uni
PA FEIJĂO	conc_054	FEIJAO CARIOCA KICALDO T1 1KG 0000000	0	uni
PA ARROZ	conc_049	ARROZ BRANCO NAMORADO T1 2KG 100000000000000	0	uni
PA FEIJĂO	conc_057	FEIJAO CARIOCA BROTO LEGAL T1 1KG 100000000000000	0	uni
PA FEIJĂO	conc_050	FEIJAO CARIOCA TARUMA T1 1KG 100000000000000	0	uni
PA FEIJĂO	conc_058	FEIJAO CARIOCA TUCUMA T1 1KG 100000000000000	0	uni
feijaoConcorrente	conc_053	FEIJAO CARIOCA PANTERA T1 1KG	0	uni
arrozConcorrente	conc_046	ARROZ BRANCO NAMORADO T1 5KG	0	uni
feijaoConcorrente	conc_059	FEIJAO CARIOCA TUCUMA T1 1KG	0	uni
PA FEIJĂO	conc_063	FEIJAO CARIOCA CAMIL T1 1KG 00000	0	uni
PA FEIJĂO	conc_064	FEIJAO CARIOCA SOLITO T1 1KG 0000	0	uni
feijaoConcorrente	conc_065	FEIJAO CARIOCA SOLITO T1 1KG	0	uni
feijaoConcorrente	conc_062	FEIJAO CARIOCA CAMIL T1 1KG	0	uni
feijaoConcorrente	conc_060	FEIJAO CARIOCA NENE T1 1KG	0	uni
arrozConcorrente	conc_189	ARROZ PARBOILIZADO CAMIL SAQUINHO T1 1KG	0	uni
PA FEIJĂO	conc_190	FEIJAO BRANCO CAMIL T1 1KG	0	uni
arrozConcorrente	conc_191	ARROZ BRANCO GRAO DE CAMPO T1 5KG	0	uni
arrozConcorrente	conc_192	ARROZ BRANCO GRAO DE CAMPO T1 2KG	0	uni
	conc_193	FEIJAO PRETO GRAO DE CAMPO T1 1KG	0	uni
arrozConcorrente	conc_194	ARROZ INTEGRAL JOLI T1 1KG	0	uni
	conc_195	FEIJAO PRETO JOLI T1 1KG	0	uni
arrozConcorrente	conc_66	ARROZ BRANCO PANTERA T1 5KG	0	Uni
arrozConcorrente	conc_374	ARROZ ARBORIO CAMIL CULINARIA ITALIANA 1KG	0	UNI
	conc_375	FEIJAO BRANCO COMBRASIL T1 500G	0	UNI
feijaoConcorrente	conc_196	FEIJAO CARIOCA BIGUA T1 1KG	0	uni
arrozConcorrente	conc_70	ARROZ PARBOILIZADO CAMIL T1 5KG	0	Uni
arrozConcorrente	conc_74	ARROZ INTEGRAL CAMIL T1 1KG	0	Uni
3	conc_71	ARROZ JAPONES MOMIJI T1 5KG	0	Uni
arrozConcorrente	conc_72	ARROZ BRANCO PANTERA T1 1KG	0	Uni
arrozConcorrente	conc_75	ARROZ INTEGRAL PANTERA T1 1KG	0	Uni
arrozConcorrente	conc_76	ARROZ INTEGRAL BLUE VILLE T1 1KG	0	Uni
arrozConcorrente	conc_77	ARROZ PARBOILIZADO CAMIL T1 1KG	0	Uni
arrozConcorrente	conc_67	ARROZ BRANCO SERRAZUL T1 5KG	0	Uni
3	conc_78	ARROZ JAPONES KANGAI T1 1KG	0	Uni
arrozConcorrente	conc_73	ARROZ INTEGRAL PRATO FINO T1 1KG	0	Uni
arrozConcorrente	conc_68	ARROZ BRANCO CAMPEIRO T1 5KG	0	Uni
arrozConcorrente	conc_79	ARROZ JAPONES MOMIJI T1 1KG	0	Uni
arrozConcorrente	conc_69	ARROZ BRANCO DONA MILU T1 5KG	0	Uni
feijaoConcorrente	conc_80	FEIJAO CARIOCA CALDO NOBRE T1 1KG	0	Uni
feijaoConcorrente	conc_81	FEIJAO CARIOCA TIO PEDRO T1 1KG	0	Uni
feijaoConcorrente	conc_84	FEIJAO FRADINHO BOM TEMPO T1 1KG	0	Uni
feijaoConcorrente	conc_82	FEIJAO FRADINHO KICALDO T1 1KG	0	Uni
feijaoConcorrente	CONC_83	FEIJAO FRADINHO PANTERA T1 1KG	0	Uni
feijaoConcorrente	conc_85	FEIJAO FRADINHO CAMIL T1 1KG	0	Uni
feijaoConcorrente	conc_86	FEIJAO VERMELHO KICALDO T1 1KG	0	Uni
feijaoConcorrente	conc_87	FEIJAO RAJADO KICALDO T1 1KG	0	Uni
	conc_88	FEIJAO BRANCO KICALDO T1 1KG	0	uni
	conc_89	FEIJAO PRETO SOLITO T1 1KG	0	uni
	conc_90	FEIJAO PRETO CAMIL T1 1KG	0	uni
	conc_91	FEIJAO PRETO BROTO LEGAL T1 1KG	0	uni
	conc_92	FEIJAO PRETO BOM TEMPO T1 1KG	0	uni
	conc_93	FEIJAO PRETO KICALDO T1 1KG	0	uni
arrozConcorrente	conc_164	ARROZ INTEGRAL BROTO LEGAL T1 1KG	0	uni
	conc_148	FEIJAO PRETO PANTERA T1 1KG	0	uni
feijaoConcorrente	conc_149	FEIJAO CARIOCA PAULISTINHA T1 1KG	0	uni
arrozConcorrente	conc_150	ARROZ BRANCO PILECCO NOBRE T1 5KG	0	uni
arrozConcorrente	conc_151	ARROZ BRANCO JOLI T1 5KG	0	UNI
arrozConcorrente	conc_152	ARROZ PARBOILIZADO PATEKO T1 5KG	0	uni
arrozConcorrente	conc_153	ARROZ BRANCO PILECCO NOBRE T1 2KG	0	uni
arrozConcorrente	conc_154	ARROZ BRANCO PATEKO T1 2KG	0	uni
arrozConcorrente	conc_155	ARROZ BRANCO PATEKO T1 1KG	0	uni
arrozConcorrente	conc_156	ARROZ BRANCO PILECCO NOBRE T1 1KG	0	uni
arrozConcorrente	conc_165	ARROZ INTEGRAL RARIS T1 1KG	0	uni
arrozConcorrente	conc_157	ARROZ BRANCO TIO JOAO VITAMINADO T1 1KG	0	uni
arrozConcorrente	conc_158	ARROZ INTEGRAL TIO JOAO T1 1KG	0	uni
arrozConcorrente	conc_159	ARROZ INTEGRAL TIO JOAO SAQUINHO T1 1KG	0	uni
arrozConcorrente	conc_160	ARROZ PARBOILIZADO TIO JOAO SAQUINHO T1 1KG	0	uni
arrozConcorrente	conc_161	ARROZ INTEGRAL UNCLE BENS T1 1KG	0	uni
arrozConcorrente	conc_162	ARROZ INTEGRAL PILECCO NOBRE T1 1KG	0	uni
arrozConcorrente	conc_163	ARROZ INTEGRAL PATEKO T1 1KG	0	uni
arrozConcorrente	conc_166	ARROZ ARBORIO BROTO LEGAL T1 1KG	0	uni
3	conc_197	ARROZ JAPONES SAKURA T1 5KG	0	uni
	conc_167	FEIJAO BRANCO BROTO LEGAL T1 1KG	0	uni
	conc_168	FEIJAO PRETO PATEKO T1 1KG	0	uni
	conc_184	FEIJAO PRETO LOPES T1 1KG	0	uni
arrozConcorrente	conc_185	ARROZ BRANCO QUALITA T1 5KG	0	uni
arrozConcorrente	conc_186	ARROZ BRANCO QUALITA T1 1KG	0	uni
feijaoConcorrente	conc_169	FEIJAO CARIOCA JOLI T1 1KG	0	uni
feijaoConcorrente	conc_170	FEIJAO CARIOCA OLIRON T1 1KG	0	uni
feijaoConcorrente	conc_187	FEIJAO CARIOCA QUALITA T1 1KG	0	uni
feijaoConcorrente	conc_171	FEIJAO CARIOCA GASPAR T1 1KG	0	uni
feijaoConcorrente	conc_172	FEIJAO CARIOCA PATEKO T1 1KG	0	uni
	conc_188	FEIJAO PRETO QUALITA T1 1KG	0	uni
arrozConcorrente	conc_173	ARROZ BRANCO COOP T1 5KG	0	uni
arrozConcorrente	conc_174	ARROZ BRANCO GUACIRA T1 5KG	0	uni
arrozConcorrente	conc_175	ARROZ BRANCO COOP T1 1KG	0	uni
feijaoConcorrente	conc_176	FEIJAO CARIOCA SOROCABA T1 1KG	0	uni
feijaoConcorrente	conc_177	FEIJAO CARIOCA COOP T1 1KG	0	uni
	conc_178	FEIJAO PRETO CAMPO BELO T1 1KG	0	uni
arrozConcorrente	conc_179	ARROZ BRANCO MAXIMO T1 5KG	0	uni
arrozConcorrente	conc_180	ARROZ BRANCO LOPES T1 5KG	0	uni
arrozConcorrente	conc_181	ARROZ BRANCO MAXIMO T1 1KG	0	uni
feijaoConcorrente	conc_182	FEIJAO CARIOCA TIO JOTA T1 1KG	0	uni
feijaoConcorrente	conc_183	FEIJAO CARIOCA LOPES T1 1KG	0	uni
arrozConcorrente	conc_199	ARROZ INTEGRAL YOKI MAIS VITA T1 1KG	0	uni
3	CONC_198	ARROZ JAPONES SAKURA T1 1KG	0	uni
feijaoConcorrente	conc_200	FEIJAO FRADINHO POP T1 1KG	0	uni
	0223.1	MACARRĂO FANTASTICO PARAFUSO 500G	0	FD 20/0,5KG
	0224.1	MACARRĂO FANTASTICO PENE 500G	0	FD 20/0,5KG
	0225.1	MACARRĂO FANTASTICO ESPAGUETE 500G	0	FD 20/0,5KG
	conc_367	ARROZ BRANCO T1 SANTO GOURMET 5KG	0	UNI
arrozConcorrente	conc_94	ARROZ PARBOILIZADO SOLITO T1 5KG	0	uni
arrozConcorrente	conc_95	ARROZ BRANCO TIO URBANO T1 1KG	0	uni
arrozConcorrente	conc_96	ARROZ PARBOILIZADO SOLITO 1KG	0	uni
arrozConcorrente	conc_97	ARROZ PARBOILIZADO PRATO FINO T1 1KG	0	uni
feijaoConcorrente	conc_423	FEIJAO CARIOCA GRĂO CHIQUE 1KG	0	UNI
feijaoConcorrente	conc_424	FEIJAO CARIOCA VISOCO 1KG	0	UNI
feijaoConcorrente	conc_425	FEIJAO CARIOCA TARUMA 1KG	0	UNI
feijaoConcorrente	conc_426	FEIJAO CARIOCA CAMIL 1KG	0	UNI
	conc_427	FEIJAO PRETO COMBRASIL 1KG	0	UNI
	conc_428	FEIJAO PRETO TARUMA 1KG	0	UNI
	conc_429	FEIJAO PRETO CAMIL 1KG	0	UNI
1	conc_430	FEIJAO VERMELHO FANTASTICO 500G	0	UNI
	conc_431	FEIJAO BRANCO CAMIL 500G	0	UNI
1	conc_432	FEIJAO FRADINHO FANTASTICO 500G	0	UNI
arrozConcorrente	conc_433	ARROZ BRANCO OFICIAL 5KG	0	UNI
arrozConcorrente	conc_437	ARROZ BRANCO ARROZAL 5KG	0	UNI
arrozConcorrente	conc_434	ARROZ BRANCO BOM PRATO 5KG	0	UNI
arrozConcorrente	conc_435	ARROZ BRANCO D.BRANCA 5KG	0	UNI
arrozConcorrente	conc_436	ARROZ BRANCO S.LUCAS 5KG	0	UNI
arrozConcorrente	conc_438	ARROZ BRANCO SĂO PEDRO 5KG	0	UNI
arrozConcorrente	conc_439	ARROZ BRANCO RAROZ 1KG	0	UNI
arrozConcorrente	conc_440	ARROZ PARBOILIZADO RAROZ 1KG	0	UNI
3	conc_441	ARROZ JAPONES KANGAI 5KG	0	UNI
arrozConcorrente	conc_98	ARROZ INTEGRAL SOLITO T1 1KG	0	uni
arrozConcorrente	conc_99	ARROZ INTEGRAL TIO URBANO T1 1KG	0	uni
feijaoConcorrente	conc_100	FEIJAO CARIOCA MAXIMO T1 1KG	0	uni
feijaoConcorrente	conc_101	FEIJAO CARIOCA NAMORADO T1 1KG	0	uni
feijaoConcorrente	conc_102	FEIJAO CARIOCA SOLITO PREMIUM T1 1KG	0	uni
feijaoConcorrente	conc_103	FEIJAO CARIOCA DONA ROSA T1 1KG	0	uni
	conc_104	FEIJAO PRETO CALDO NOBRE T1 1KG	0	uni
	conc_105	FEIJAO PRETO MAXIMO T1 1KG	0	uni
	conc_106	FEIJAO PRETO NENE T1 1KG	0	uni
arrozConcorrente	conc_107	ARROZ BRANCO TIO URBANO T1 5KG	0	UNI
arrozConcorrente	conc_109	ARROZ PARBOILIZADO PRATO FINO T1 5KG	0	uni
arrozConcorrente	conc_471	ARROZ BRANCO PRINCESA 5KG	0	UNI
arrozConcorrente	conc_472	ARROZ BRANCO COMBRASIL 5KG	0	UNI
arrozConcorrente	conc_476	ARROZ PARBOILIZADO OURO BRANCO 5KG	0	UNI
arrozConcorrente	conc_473	ARROZ BRANCO OURO BRANCO 5KG	0	UNI
arrozConcorrente	conc_477	ARROZ PARBOILIZADO PRINCESA 5KG	0	UNI
arrozConcorrente	conc_474	ARROZ BRANCO PALMARES 5KG	0	UNI
arrozConcorrente	conc_475	ARROZ BRANCO SABOR CARIOCA 5KG	0	UNI
arrozConcorrente	conc_112	ARROZ BRANCO BLUE VILLE T1 1KG	0	uni
feijaoConcorrente	conc_113	FEIJAO PRETO TARUMA T1 1KG	0	uni
feijaoConcorrente	conc_114	FEIJAO FRADINHO CALDO NOBRE T1 1KG	0	uni
	conc_378	MACARRĂO ADRIA ESPAGUETE 500G	0	UNI
	conc_380	MACARRĂO DONA BENTA PARAFUSO 500G	0	UNI
	conc_383	MACARRĂO PETYBOM PARAFUSO 500G	0	UNI
	conc_384	MACARRĂO PETYBOM ESPAGUETE 500G	0	UNI
	conc_385	MACARRĂO RENATA PENE  500G	0	UNI
	conc_386	MACARRĂO RENATA PARAFUSO 500G	0	UNI
	conc_387	MACARRĂO RENATA ESPAGUETE 500G	0	UNI
	conc_454	ARROZ BRANCO TIO URBANO 5KG	0	UNI
arrozConcorrente	conc_453	ARROZ BRANCO SOLITO 5KG	0	UNI
arrozConcorrente	conc_455	ARROZ PARBOILIZADO CAMIL 5KG	0	UNI
feijaoConcorrente	conc_456	FEIJAO CARIOCA KICALDO 1KG	0	UNI
feijaoConcorrente	conc_457	FEIJAO CARIOCA CALDO NOBRE PREMIUM 1KG	0	UNI
feijaoConcorrente	conc_458	FEIJAO PRETO KICALDO 1KG	0	UNI
	conc_391	MACARRĂO TODESCHINI PENE 500G	0	UNI
	conc_392	MACARRĂO TODESCHINI PARAFUSO 500G	0	UNI
	conc_393	MACARRĂO TODESCHINI ESPAGUETE 500G	0	UNI
	conc_394	MACARRĂO SEMOLA GALLO PENE 500G	0	UNI
	conc_395	MACARRĂO SEMOLA  PARAFUSO GALLO 500G	0	UNI
	conc_396	MACARRĂO SEMOLA ESPAGUETE GALLO 500G	0	UNI
	conc_397	MACARRĂO VITARELLA PENE 500G	0	UNI
	conc_398	MACARRĂO VITARELLA PARAFUSO 500G	0	UNI
	con_399	MACARRĂO VITARELLA ESPAGUETE 500G	0	UNI
	conc_400	MACARRĂO FLOR DE LIS PENE 500G	0	UNI
	conc_401	MACARRĂO FLOR DE LIS PARAFUSO 500G	0	UNI
	conc_402	MACARRĂO FLOR DE LIS ESPAGUETE 500G	0	UNI
	conc_377	MACARRĂO ADRIA PARAFUSO 500G	0	UNI
	conc_376	MACARRĂO ADRIA PENE 500G	0	UNI
	conc_379	MACARRĂO DONA BENTA PENE 500G	0	UNI
	conc_381	MACARRĂO DONA BENTA ESPAGUETE 500G	0	UNI
	conc_382	MACARRĂO PETYBOM PENE  500G	0	UNI
arrozConcorrente	conc_480	ARROZ BRANCO PICO 5KG	0	UNI
arrozConcorrente	conc_481	ARROZ BRANCO TIO SĂO 5KG	0	UNI
arrozConcorrente	conc_482	ARROZ BRANCO BLUE PATINA 5KG	0	UNI
arrozConcorrente	conc_483	ARROZ BRANCO SABOR NACIONAL 5KG	0	UNI
	conc_484	FEIJAO PRETO CARIJO	0	UNI
2	conc_485	ARROZ INTEGRAL SABOROSO 1KG	0	UNI
	conc_221	FEIJAO PRETO CREMOSO  T1 1KG	0	uni
feijaoConcorrente	conc_219	FEIJAO CARIOCA CREMOSO T1 1KG	0	uni
feijaoConcorrente	conc_220	FEIJAO CARIOCA MANIA T1 1KG	0	uni
2	0002.	ARROZ BRANCO SABOROSO T1 (FD 15/2KG)	PACOTE 2 KG	FD 15/2 KG
2	conc_486	ARROZ PARBOILIZADO SABOROSO 1KG	0	UNI
arrozConcorrente	conc_487	ARROZ COPARROZ 5KG	0	UNI
arrozConcorrente	conc_490	ARROZ BRANCO PILLON 5KG	0	UNI
arrozConcorrente	conc_488	ARROZ BRANCO COPARROZ 1KG	0	UNI
arrozConcorrente	conc_489	ARROZ PARBOILIZADO COPARROZ 5KG	0	UNI
	conc_491	FEIJAO PRETO GIBI	0	UNI
	conc_492	FEIJAO PRETO DU RIO	0	UNI
feijaoConcorrente	conc_493	FEIJAO CARIOCA DU CAMPO	0	UNI
arrozConcorrente	conc_495	ARROZ BRANCO MAXIMO 1KG	0	UNI
feijaoConcorrente	conc_496	FAIJAO PRETO PARTIDO MARAVILHA	0	UNI
arrozConcorrente	conc_497	ARROZ BRANCO URBANO PREMIUN 1KG	0	UNI
arrozConcorrente	conc_499	ARROZ BRANCO GARFO LEGAL 5KG	0	UNI
arrozConcorrente	conc_508	ARROZ INTEGRAL NAMORADO 1KG	0	UNI
feijaoConcorrente	conc_509	FEIJAO FRADINHO SOLITO 500G	0	UNI
feijaoConcorrente	conc_510	FEIJAO FRADINHO URBANO 500G	0	UNI
feijaoConcorrente	con_511	FEIJAO BRANCO URBANO 500G	0	UNI
arrozConcorrente	conc_500	ARROZ BRANCO SERRA AZUL 5KG	0	UNI
feijaoConcorrente	conc_501	FEIJAO CARIOCA SERRA AZUL	0	UNI
arrozConcorrente	conc_502	ARROZ PARBOILIZADO TIO URBANO 5KG	0	UNI
	conc_503	FEIJAO PRETO SERRA AZUL 1KG	0	UNI
	conc_512	FEIJAO PRETO GUTO 1KG	0	UNI
feijaoConcorrente	conc_513	FEIJAO FRADINHO GUTO 500G	0	UNI
arrozConcorrente	conc_504	ARROZ BRANCO PALMARES T1	0	UNI
arrozConcorrente	conc_505	ARROZ BRANCO PALMARES T2	0	UNI
arrozConcorrente	conc_517	ARROZ BRANCO SABOR CARIOCA 1KG	0	UNI
	conc_511	FEIJAO PRETO PEREIRA 1KG	0	UNI
arrozConcorrente	conc_518	ARROZ BRANCO REDE KRILL 1KG	0	UNI
arrozConcorrente	conc_519	ARROZ BRANCO REDE KRILL 5KG	0	UNI
arrozConcorrente	conc_520	ARROZ PARBOILIZADO NAMORADO 1KG	0	UNI
arrozConcorrente	conc_521	ARROZ INTEGRAL BIJU 1KG	0	UNI
feijaoConcorrente	conc_522	FEIJAO FRADINHO REDE KRILL 1KG	0	UNI
feijaoConcorrente	conc_523	FEIJAO CARIOCA PANTERA 1KG	0	UNI
	conc_524	FEIJAO PRETO REDE KRILL 1KG	0	UNI
feijaoConcorrente	conc_525	FEIJAO FRADINHO 5 ESTRELA	0	UNI
arrozConcorrente	conc_526	ARROZ CAMIL T2 5KG	0	UNI
arrozConcorrente	conc_527	ARROZ BRANCO SOLITO T2 5KG	0	UNI
feijaoConcorrente	conc_530	FEIJAO PRETO COOP 1KG	0	UNI
feijaoConcorrente	conc_31	FEIJAO PRETO SOROCABA 1KG	0	UNI
arrozConcorrente	conc_32	ARROZ BRANCO NENE 5KG	0	UNI
arrozConcorrente	conc_531	ARROZ PARBOILIZADO BROTO LEGAL 5KG	0	UNI
feijaoConcorrente	conc_528	FEIJAO BRANCO CALDO NOBRE 1KG	0	UNI
feijaoConcorrente	conc_529	FEIJAO FRADINHO CALDO NOBRE 1KG	0	UNI
arrozConcorrente	conc_537	ARROZ JAPONES NIKKOH 1KG	0	UNI
arrozConcorrente	conc_533	ARROZ BRANCO PRINCESA 1KG	0	UNI
arrozConcorrente	conc_534	ARROZ BRANCO CAÇAROLA 1KG	0	UNI
arrozConcorrente	conc_535	ARROZ BRANCO CAÇAROLA 5KG	0	UNI
	conc_536	ARROZ PARBOILIZADO CAÇAROLA 5KG	0	UNI
1	226	LASANHA FANTASTICO 200G (CX 24/0,2KG)	0	CX 24/0,2KG
arrozConcorrente	conc_538	ARROZ BRANCO PRINCIPE 5KG	0	UNI
arrozConcorrente	conc_539	ARROZ PARBOILIZADO TIO MINGOTE 5KG	0	UNI
arrozConcorrente	conc_540	ARROZ BRANCO TIO MINGOTE 5KG	0	UNI
arrozConcorrente	conc_541	ARROZ BRANCO CARIJO 1KG	0	UNI
conc_546	conc_544	MASSA PARA LASANHA 200G BARILLA	0	UNI
arrozConcorrente	conc_552	ARROZ BRANCO BIJU 2KG	0	UNI
arrozConcorrente	conc_553	ARROZ BRANCO BOM PRATO 1KG	0	UNI
arrozConcorrente	conc_554	ARROZ BRANCO BOM PRATO 2KG	0	UNI
conc_546	conc_547	MASSA PARA LASANHA PETYBOM 200G	0	UNI
conc_546	conc_548	MASSA PARA LASANHA RENATA 200G	0	UNI
conc_546	conc_549	MASSA PARA LASANHA D.BENTA 200G	0	UNI
conc_546	conc_551	MASSA PARA LASANHA PARATI 200G	0	UNI
arrozConcorrente	conc_558	ARROZ BRANCO CAMPEIRO 5KG	0	UNI
conc_546	conc_555	MASSA PARA LASANHA 200G GALO	0	UNI
arrozConcorrente	conc_556	ARROZ BRANCO BLUE VILLE 5KG	0	UNI
feijaoConcorrente	conc_557	FEIJAO PRETO CURIO 1KG	0	UNI
1	78	FEIJAO PRETO FANTASTICO RJ T1 (FD 30/1KG)	PACOTE 1 KG	FD 30/1 KG
2	2	ARROZ BRANCO SABOROSO T1 (FD 15/2KG)	PACOTE 2 KG	FD 15/2 KG
1	3	ARROZ BRANCO FANTASTICO GRAOS NOBRES T1  (FD 6/5KG)	PACOTE 5 KG	FD 6/5 KG
1	45	FEIJAO PRETO FANTASTICO SP T1 (FD 30/1KG)	PACOTE 1 KG	FD 30/1 KG
1	4	ARROZ BRANCO FANTASTICO GRAOS NOBRES T1  (FD 15/2KG)	PACOTE 2 KG	FD 15/2 KG
2	5	ARROZ BRANCO SABOROSO T1 (FD 6/5KG)	PACOTE 5 KG	FD 6/5 KG
2	0005.2	ARROZ BRANCO SABOROSO I T1 (FD 6/5KG)	PACOTE 5 KG	FD 6/5 KG
	8	ARROZ BRANCO SABOR CARIOCA T1 (FD 6/5KG)	PACOTE 5 KG	FD 6/5 KG
2	0048.2	FEIJAO CARIOCA SABOROSO T1 (FD 10/1KG)	0	FD 10/1 KG
1	9	ARROZ ARBORIO FANTASTICO CULINARIA ITALIANA (CX 10/1 KG)	CAIXA 1 KG	CX 10/1 KG
	11	ARROZ BRANCO PEG JA RESTAURANTE T1 5KG	PACOTE 5 KG	FD 6/5 KG
	20	ARROZ BRANCO FANTASTICO PREMIUM T1 1Kg	PACOTE 1 KG	FD 30/1 KG
2	0069.1	FEIJAO PRETO SABOROSO T1 (FD 30/1KG)	PACOTE 1 KG	FD 30/1 KG
	70	ARROZ BRANCO SANTO GOURMET T1 (FD 10/1KG)	PACOTE 1 KG	FD 10/1 KG
	71	ARROZ BRANCO PEG JA T1 5KG	PACOTE 5 KG	FD 6/5 KG
	0072.1	FEIJAO PRETO SABOROSO T1 (FD 10/1KG)	PACOTE 1 KG	FD 10/1 KG
arrozConcorrente	26	ARROZ BRANCO CHAMINE T1 (FD 6/5KG)	PACOTE 5 KG	FD 6/5 KG
1	79	FEIJAO PRETO FANTASTICO RJ T1 (FD 10/1KG)	PACOTE 1 KG	FD 10/1 KG
1	27	ARROZ BRANCO FANTASTICO GRAOS NOBRES T1 (FD 30/1KG)	PACOTE 1 KG	FD 30/1 KG
3	97	FEIJAO CARIOCA PEG JA T1 (FD 30/1KG)	PACOTE 1 KG	FD 30/1 KG
	98	FEIJAO CARIOCA PEG JA T1 1KG	PACOTE 1 KG	FD 10/1 KG
1	135	ARROZ PRETO FANTASTICO (CX 12/0,25KG)	CX 0.250 KG	CX 12/0.250 KG
3	100	FEIJAO CARIOCA BANDINHA BAHIA (FD 30/1KG)	PACOTE 1 KG	FD 30/1 KG
1	28	ARROZ PARBOILIZADO FANTASTICO T1 (FD 30/1KG)	PACOTE 1 KG	FD 30/1 KG
1	133	ARROZ JAPONES KIZOKU MAI FANTASTICO T1 (FD 6/5KG)	PACOTE 5 KG	FD 6/5 KG
1	107	FEIJAO FRADINHO FANTASTICO T1 (FD 20/0,5KG)	PACOTE 0.5 KG	FD 20/0.5 KG
3	0134.1	FEIJAO CARIOCA CHAMINE RESTAURANTE (FD 30/1KG)	PACOTE 1 KG	FD 30/1 KG
2	29	ARROZ BRANCO SABOROSO T2 5KG	PACOTE 5 KG	FD 6/5 KG
1	0132.1	FEIJAO VERMELHO FANTASTICO T1 (FD 10/1KG)	PACOTE 1 KG	FD 10/1 KG
1	0106.1	FEIJAO FRADINHO FANTASTICO T1 (FD 10/1KG)	PACOTE 1 KG	FD 10/1 KG
	0031.1	ARROZ BRANCO FANTASTICO PREMIUM T1 (FD 10/1KG)	PACOTE 1 KG	FD 10/1 KG
2	0032.1	ARROZ BRANCO SABOROSO T1 1KG (FD 30/1KG)	PACOTE 1 KG	FD 30/1 KG
2	0033.1	ARROZ BRANCO SABOROSO T1 1KG (FD 10/1KG)	PACOTE 1 KG	FD 10/1 KG
	38	ARROZ BRANCO SANTO GOURMET T1 (FD 6/5KG)	PACOTE 5 KG	FD 6/5 KG
	39	ARROZ BRANCO SANTO GOURMET T1 (FD 30/1KG)	PACOTE 1 KG	FD 30/1 KG
1	136	ARROZ JAPONES KIZOKU MAI FANTASTICO T1 (FD 10/1KG)	PACOTE 1 KG	FD 10/1 KG
3	138	FEIJAO CARIOCA CHAMINE RJ T1 (FD 30/1KG)	PACOTE 1 KG	FD 30/1 KG
	142	ARROZ PARBOILIZADO SABOROSO T1 (FD 10/1KG)	PACOTE 1 KG	FD 10/1 KG
2	143	ARROZ PARBOILIZADO SABOROSO T1 1KG (FD 30/1KG)	PACOTE 1 KG	FD 30/1 KG
2	144	ARROZ PARBOILIZADO SABOROSO T1 (FD 6/5KG)	PACOTE 5 KG	FD 6/5 KG
1	145	FEIJAO BRANCO FANTASTICO T1 (FD 20/0,5KG)	PACOTE 0.5 KG	FD 20/0.5 KG
	206	ARROZ INTEGRAL FANTASTICO T1 (CX 10/1KG)	CAIXA 1 KG	CX 10/1 KG
1	0207.1	ARROZ PARBOILIZADO INTEGRAL FANTASTICO T1 (FD 10/1KG)	PACOTE 1 KG	FD 10/1 KG
1	208	ARROZ ORGANICO INTEGRAL FANTASTICO T1 (CX 6/1KG)	CAIXA 1 KG	CX 6/1 KG
2	209	ARROZ PARBOILIZADO INTEGRAL SABOROSO T1 (FD 10/1KG)	PACOTE 1 KG	FD 10/1 KG
		Padrăo		
3	44	FEIJAO CARIOCA CHAMINE SP T1 (FD 30/1KG)	PACOTE 1 KG	FD 30/1 KG
	24	ARROZ BRANCO FANTASTICO GRAOS NOBRES T1  (FD 10/1KG)	PACOTE 1 KG	FD 10/1 KG
	47	FEIJAO PRETO FANTASTICO SP T1 (FD 10/1KG)	PACOTE 1 KG	FD 10/1 KG
1	25	ARROZ PARBOILIZADO FANTASTICO T1 (FD 6/5KG)	PACOTE 5 KG	FD 6/5 KG
	22	ARROZ BRANCO FANTASTICO PREMIUM T1 2KG	PACOTE 2 KG	FD 15/2 KG
1	0001.1	ARROZ BRANCO FANTASTICO T2 5KG	PACOTE 5 KG	FD 6/5 KG
arrozConcorrente	Conc_515	ARROZ BRANCO D MARIA T1 5KG	27,5	523
	Conc_690	MACARRĂO CAMIL ESPAGUETE 500G	3,59	513
	Conc_691	MACARRĂO CAMIL PENNE 500G	3,59	547
	Conc_692	MACARRĂO CAMIL PARAFUSO 500G	3,59	632
	Conc_693	MACARRĂO CAMIL PADRE NOSSO 500G	3,59	245
arrozConcorrente	Conc_694	ARROZ JAPONES NIKKOH T1 5KG	62	289
4	88888	teste  CAMIL	PACOTE 5KG	TESTE
2	conc-569	ARROZ SABOROSO INTEGRAL 1KG	6,1	FD 10X1KG
	conc_514	MACARRĂO JOIA ESPAQUETE 500G	FD 20X0.5	FD 20X0.5
	conc_516	MACARRĂO JOIA PENNE 500G	FD 20X0.5	FD 20X0.5
	conc_532	MACARRĂO JOIA PARAFUSO 500G	FD 20X0.5	FD 20X0.5
	conc_543	MACARRĂO TODESCHINI ESPAGUETE 500G	FD 20X0.5	FD 20X0.5
	conc_545	MACARRĂO TODESCHINI PENE 500G	FD 20X0.5	FD 20X0.5
	conc_559	MACARRĂO FLORIANI ESPAGUETE 500G	FD 20X0.5	FD 20X0.5
	conc_560	MACARRĂO FLORIANI PARAFUSO 500G	FD 20X0.5	FD 20X0.5
	conc_561	MACARRĂO FLORIANI PENE 500G	FD 20X0.5	FD 20X0.5
	conc_562	MACARRĂO GALO ESPAGUETE 500G	FD 20X0.5	FD 20X0.5
	conc_563	MACARRĂO GALO PARAFUSO 500G	FD 20X0.5	FD 20X0.5
	conc_565	MACARRĂO GALO PENE 500G	FD 20X0.5	FD 20X0.5
feijaoConcorrente	conc-568	FEIJAO CARIOCA MARAVILHA 1KG	4,49	FD 10X1KG
arrozConcorrente	conc-567	ARROZ BRANCO TIO LANO T1 5KG	20,98	FD 6X5KG
arrozConcorrente	conc_299	ARROZ BRANCO COMBRASIL T1 5KG	0	uni
	conc_300	FEIJĂO PRETO COMBRASIL T1 1KG	0	uni
arrozConcorrente	conc_250	ARROZ PARBOILIZADO CAMPEIRO T1 5KG	0	uni
arrozConcorrente	conc_251	ARROZ BRANCO CAMPEIRO T1 1KG	0	uni
arrozConcorrente	conc_252	ARROZ INTEGRAL CAMPEIRO T1 1KG	0	uni
feijaoConcorrente	conc_253	FEIJAO FRADINHO CAMPO BELO T1 500G	0	uni
feijaoConcorrente	conc_254	FEIJAO CARIOCA GAROA T1 1KG	0	uni
	conc_255	FEIJAO PRETO NAMORADO T1 1KG	0	uni
arrozConcorrente	conc_256	ARROZ BRANCO PATOSUL T1 5 KG	0	uni
arrozConcorrente	conc_257	ARROZ BRANCO SELECT T1 5KG	0	uni
	conc_262	FEIJAO BRANCO CINCO ESTRELAS T1 1KG	0	uni
feijaoConcorrente	conc_264	FEIJAO CARIOCA GRAO CHIQUE T1 1KG	0	uni
arrozConcorrente	conc_143	ARROZ BRANCO BIGUA T1 5KG	0	uni
arrozConcorrente	conc_147	ARROZ BRANCO BIJU T1 5KG	0	uni
arrozConcorrente	conc_108	ARROZ BRANCO BLUE VILLE T1 5KG	0	uni
arrozConcorrente	conc_272	ARROZ BRANCO POP T1 5KG	0	uni
arrozConcorrente	conc_265	ARROZ BRANCO SOLITO MIX T1 5KG	0	uni
arrozConcorrente	conc_142	ARROZ BRANCO VISCONDE T1 5KG	0	uni
3	conc_237	ARROZ JAPONES SOLITO T1 1KG	0	uni
arrozConcorrente	conc_110	ARROZ PARBOILIZADO BLUE VILLE T1 5KG	0	uni
arrozConcorrente	conc_280	ARROZ PARBOILIZADO CIAGRO T1 5KG	0	uni
arrozConcorrente	conc_111	ARROZ PARBOILIZADO MAXIMO T1 5KG	0	uni
arrozConcorrente	conc_144	ARROZ PARBOILIZADO VILA NOVA T1 5KG	0	uni
feijaoConcorrente	conc_259	FEIJAO CARIOCA SELECT T1 1KG	0	uni
feijaoConcorrente	conc_258	FEIJAO CARIOCA VILA NOVA T1 1KG	0	uni
feijaoConcorrente	conc_263	FEIJAO FRADINHO CINCO ESTRELAS T1 1KG	0	uni
	conc_260	FEIJAO PRETO SELECT T1 1KG	0	uni
	conc_261	FEIJAO PRETO VILA NOVA T1 1KG	0	uni
feijaoConcorrente	conc_273	FEIJAO CARIOCA GRAO GOSTOSO T1 1KG	0	uni
arrozConcorrente	conc_115	ARROZ BRANCO CARREFOUR T1 5KG	0	uni
arrozConcorrente	conc_116	ARROZ BRANCO EMPORIO SAO JOAO T1 5KG	0	uni
arrozConcorrente	conc_117	ARROZ BRANCO CAMIL T2 5KG	0	uni
arrozConcorrente	conc_118	ARROZ BRANCO PATEKO T1 5KG	0	uni
feijaoConcorrente	conc_286	FEIJAO FRADINHO NENE T1 1KG	0	uni
arrozConcorrente	conc_119	ARROZ BRANCO CINCO ESTRELAS T1 5KG	0	uni
arrozConcorrente	conc_120	ARROZ BRANCO SANTO GOMES T1 5KG	0	uni
arrozConcorrente	conc_121	ARROZ PARBOILIZADO EMPORIO SAO JOAO T1 5KG	0	uni
arrozConcorrente	conc_122	ARROZ PARBOILIZADO TIO JOAO T1 5KG	0	uni
arrozConcorrente	conc_123	ARROZ BRANCO EMPORIO SAO JOAO T1 1KG	0	uni
arrozConcorrente	conc_124	ARROZ BRANCO CARREFOUR T1 1KG	0	uni
arrozConcorrente	conc_125	ARROZ BRANCO SANTO GOMES T1 1KG	0	uni
arrozConcorrente	conc_126	ARROZ BRANCO CARREFOUR T1 2KG	0	uni
arrozConcorrente	conc_127	ARROZ BRANCO EMPORIO SAO JOAO T1 2KG	0	uni
arrozConcorrente	conc_128	ARROZ PARBOILIZADO BROTO LEGAL T1 1KG	0	uni
arrozConcorrente	conc_129	ARROZ PARBOILIZADO EMPORIO SAO JOAO T1 1KG	0	uni
arrozConcorrente	conc_130	ARROZ PARBOILIZADO TIO URBANO T1 1KG	0	uni
arrozConcorrente	conc_131	ARROZ ARBORIO LA PASTINA T1 1KG	0	uni
arrozConcorrente	conc_278	ARROZ BRANCO ROSEIRENSE T1 5KG 4444444444444	0	uni
	conc_132	FEIJAO PRETO BIJU T1 1KG	0	uni
	conc_133	FEIJAO PRETO CARREFOUR T1 1KG	0	uni
	conc_134	FEIJAO PRETO CINCO ESTRELAS T1 1KG	0	uni
feijaoConcorrente	conc_135	FEIJAO CARIOCA GRAO DE CAMPO T1 1KG	0	uni
feijaoConcorrente	conc_136	FEIJAO CARIOCA VENCEDOR T1 1KG	0	uni
feijaoConcorrente	conc_137	FEIJAO CARIOCA CINCO ESTRELAS T1 1KG	0	uni
feijaoConcorrente	conc_138	FEIJAO CARIOCA CARREFOUR T1 1KG	0	uni
feijaoConcorrente	conc_140	FEIJAO CARIOCA  SANTA IZABEL T1 1KG	00,00U	uni
feijaoConcorrente	conc_139	FEIJAO CARIOCA TERRA NOVA T1 1KG	0	uni
feijaoConcorrente	conc_141	FEIJAO CARIOCA EMPORIO SAO JOAO T1 1KG	0	uni
arrozConcorrente	conc_279	ARROZ BRANCO TARUMA T1 5KG	0	uni
arrozConcorrente	conc_281	ARROZ BRANCO TARUMA T1 1KG	0	uni
feijaoConcorrente	conc_283	FEIJAO CARIOCA TALISMA T1 1KG	0	uni
arrozConcorrente	conc_282	ARROZ PARBOILIZADO CIAGRO T1 1KG	0	uni
feijaoConcorrente	conc_145	FEIJAO CARIOCA DA CASA T1 1KG	0	uni
arrozConcorrente	conc_146	ARROZ INTEGRAL ALBARUSKA T1 1KG	0	uni
arrozConcorrente	conc_301	ARROZ BRANCO CARRETEIRO T1 5KG	0	uni
feijaoConcorrente	conc_285	FEIJAO CARIOCA VICOSO T1 1KG	0	uni
arrozConcorrente	conc_222	ARROZ BRANCO ARROZAL T1 5KG	0	uni
arrozConcorrente	conc_223	ARROZ BRANCO BUTUI T1 5KG	0	uni
feijaoConcorrente	conc_284	FEIJAO CARIOCA ROSEIRENSE T1 1KG	0	uni
arrozConcorrente	conc_224	ARROZ BRANCO EXTREMO SUL T1 5KG	0	uni
arrozConcorrente	conc_225	ARROZ BRANCO RAROZ PRIME T1 5KG	0	uni
arrozConcorrente	conc_226	ARROZ BRANCO RAROZ PRIME T1 1KG	0	uni
arrozConcorrente	conc_227	ARROZ PARBOILIZADO PRINCESA T1 5KG	0	uni
arrozConcorrente	conc_228	ARROZ PARBOILIZADO PRINCESA T1 1KG	0	uni
arrozConcorrente	conc_229	ARROZ PARBOILIZADO NAMORADO T1 1KG	0	uni
arrozConcorrente	conc_230	ARROZ INTEGRAL PRINCESA T1 1KG	0	uni
3	conc_231	ARROZ JAPONES INARI T1 5KG	0	uni
3	conc_232	ARROZ JAPONES SOLITO T1 5KG	0	uni
3	conc_233	ARROZ JAPONES GUIN T1 5KG	0	uni
arrozConcorrente	conc_235	ARROZ JAPONES MOMIJI GRAO CURTO T1 5KG	0	uni
3	conc_234	ARROZ JAPONES YANAGI T1 5KG	0	uni
3	conc_236	ARROZ JAPONES INARI T1 1KG	0	uni
3	conc_238	ARROZ JAPONES GUIN T1 1KG	0	uni
feijaoConcorrente	conc_239	FEIJAO CARIOCA PIRAMEDE T1 1KG	0	uni
feijaoConcorrente	conc_240	FEIJAO CARIOCA QUERIDO T1 1KG	0	uni
	conc_241	FEIJAO PRETO DONA ROSA T1 1KG	0	uni
feijaoConcorrente	conc_242	FEIJAO PRETO PRISMARA T1 1KG	0	uni
feijaoConcorrente	conc_243	FEIJAO FRADINHO  PIRAMEDE T1 1KG	0	uni
feijaoConcorrente	conc_244	FEIJAO FRADINHO KICALDO T1 500G	0	uni
feijaoConcorrente	conc_245	FEIJAO FRADINHO CAMIL T1 500G	0	uni
feijaoConcorrente	conc_246	FEIJAO FRADINHO DO VALLE T1 500G	0	uni
	conc_247	FEIJAO BRANCO PIRAMEDE T1 1KG	0	uni
	conc_248	FEIJAO BRANCO CAMIL T1 500G	0	uni
	conc_249	FEIJAO BRANCO DO VALLE T1 500G	0	uni
arrozConcorrente	conc_275	ARROZ BRANCO BOM D+ T1 5KG	0	uni
arrozConcorrente	conc_276	ARROZ BRANCO CARINHOSO T1 5KG	0	uni
	conc_277	FEIJAO PRETO GRAO GOSTOSO T1 1KG	0	uni
feijaoConcorrente	conc_202	FEIJAO CARIOCA MARAVILHA T1 1KG	0	uni
	conc_203	FEIJAO PRETO MARAVILHA T1 1KG	0	uni
arrozConcorrente	conc_204	ARROZ ARBORIO CAMIL T1 1KG	0	uni
arrozConcorrente	CONC_201	ARROZ PARBOILIZADO RAROZ T1 5KG	0	uni
feijaoConcorrente	conc_205	FEIJAO FRADINHO PRATO CHEIO T1 1KG	0	uni
	conc_206	FEIJAO BRANCO HIKARI T1 1KG	0	uni
	conc_207	FEIJAO BRANCO YOKI T1 1KG	0	uni
arrozConcorrente	conc_208	ARROZ PARBOILIZADO TIO JOAO T1 1KG	0	uni
feijaoConcorrente	conc_209	FEIJAO CARIOCA HIKARI T1 1KG	0	uni
arrozConcorrente	conc_210	ARROZ BRANCO TIO URBANO PREMIUM T1 1KG	0	uni
arrozConcorrente	conc_213	ARROZ BRANCO SHIBATA T1 1KG	0	uni
arrozConcorrente	conc_212	ARROZ BRANCO SHIBATA T1 5KG	0	uni
arrozConcorrente	conc_211	ARROZ BRANCO TIO URBANO PREMIUM T1 5KG	0	uni
arrozConcorrente	conc_274	ARROZ PARBOILIZADO PANTERA T1 5KG	0	uni
arrozConcorrente	conc_214	ARROZ BRANCO SHIBATA PREMIUM T1 5KG	0	uni
arrozConcorrente	conc_266	ARROZ BRANCO SAO PEDRO T1 5KG	0	uni
arrozConcorrente	conc_215	ARROZ BRANCO SHIBATA PREMIUM T1 1KG	0	uni
feijaoConcorrente	conc_217	FEIJAO CARIOCA SHIBATA PREMIUM T1 1KG	0	uni
feijaoConcorrente	conc_216	FEIJAO CARIOCA SHIBATA T1 1KG	0	uni
	conc_218	FEIJAO PRETO SHIBATA T1 1KG	0	uni
arrozConcorrente	conc_287	ARROZ BRANCO ROSEIRENSE T1 5KG	0	uni
arrozConcorrente	conc_267	ARROZ INTEGRAL MAXIMO T1 1KG	0	uni
feijaoConcorrente	conc_268	FEIJAO CARIOCA ROLDAO T1 1KG	0	uni
feijaoConcorrente	conc_269	FEIJAO CARIOCA SERENATA T1 1KG	0	uni
feijaoConcorrente	conc_270	FEIJAO PRETO SERENATA T1 1KG	0	uni
feijaoConcorrente	conc_271	FEIJAO PRETO ROLDAO T1 1KG	0	uni
	conc_289	FEIJAO PRETO KIBELO T1 1KG	0	uni
feijaoConcorrente	conc_288	FEIJAO CARIOCA KIBELO T1 1KG	0	uni
arrozConcorrente	conc_304	ARROZ BRANCO TRIVIAL T1 5KG	0	uni
feijaoConcorrente	conc_305	FEIJAO CARIOCA NIVALDO T1 1KG	0	uni
arrozConcorrente	conc_302	ARROZ BRANCO PAGLIARIN T1 5KG	0	uni
arrozConcorrente	conc_306	ARROZ BRANCO VENCEDOR T1 5KG	0	uni
arrozConcorrente	conc_303	ARROZ BRANCO PALMARES T1 5KG	0	uni
	conc_307	FEIJAO PRETO VENCEDOR T1 1KG	0	uni
	conc_308	FEIJAO PRETO EMPORIO SAO JOAO T1 1KG	0	uni
	conc_309	FEIJAO PRETO TERRA NOVA T1 1KG	0	uni
arrozConcorrente	conc_290	ARROZ BRANCO ARO T1 5KG	0	uni
arrozConcorrente	conc_291	ARROZ PARBOILIZADO ARO T1 5KG	0	uni
arrozConcorrente	conc_292	ARROZ BRANCO ARO T1 1KG	0	uni
arrozConcorrente	conc_293	ARROZ INTEGRAL ARO T1 1KG	0	uni
feijaoConcorrente	conc_294	FEIJAO CARIOCA ARO T1 1 KG	0	uni
feijaoConcorrente	conc_295	FEIJAO CARIOCA FILETTO T1 1KG	0	uni
feijaoConcorrente	conc_296	FEIJAO CARIOCA MEK T1 1KG	0	uni
	conc_298	FEIJAO PRETO ARO T1 1KG	0	uni
feijaoConcorrente	conc_297	FEIJAO PRETO MEK T1 1KG	0	uni
arrozConcorrente	conc_310	ARROZ BRANCO CARRETEIRO T1 1KG	0	uni
arrozConcorrente	conc_311	ARROZ BRANCO COMBRASIL T1 1KG	0	uni
arrozConcorrente	conc_312	ARROZ BRANCO PAGLIARIN T1 1KG	0	uni
arrozConcorrente	conc_313	ARROZ BRANCO PALMARES T1 1KG	0	uni
arrozConcorrente	conc_314	ARROZ BRANCO BIJU T1 1KG	0	uni
	conc_325	FEIJAO PRETO ALFA T1 1KG	0	uni
	conc_326	FEIJAO PRETO MACIO T1 1KG	0	uni
	conc_327	FEIJAO PRETO ABENÇOADO T1 1KG	0	uni
feijaoConcorrente	conc_328	FEIJAO CARIOCA UGOBOM T1 1KG	0	uni
feijaoConcorrente	conc_329	FEIJAO CARIOCA PICININ T1 1KG	0	uni
feijaoConcorrente	conc_330	FEIJAO CARIOCA REAL SABOR T1 1KG	0	uni
feijaoConcorrente	conc_331	FEIJAO CARIOCA SERRAZUL T1 1KG	0	uni
arrozConcorrente	conc_315	ARROZ BRANCO ROSEIRENSE T1 1KG	0	uni
arrozConcorrente	conc_316	ARROZ BRANCO POP T1 1KG	0	uni
arrozConcorrente	conc_317	ARROZ BRANCO GUACIRA T1 1KG	0	uni
arrozConcorrente	conc_318	ARROZ BRANCO EXTREMO SUL T1 1KG	0	uni
arrozConcorrente	conc_319	ARROZ BRANCO SERRAZUL T1 1KG	0	uni
arrozConcorrente	conc_320	ARROZ BRANCO BIGUA T1 1KG	0	uni
arrozConcorrente	conc_321	ARROZ BRANCO GRAO DE CAMPO T1 1KG	0	uni
3	conc_333	ARROZ PRATO FINO ORIENTAL T1 5KG	0	uni
3	conc_334	ARROZ JAPONES MIROKUMAI T1 5KG	0	uni
	Conc_620	FEIJĂO PRETO TACUMĂ 1KG	4,99	FD 10X1KG
PA FEIJĂO	Conc_621	FEILĂO CARIOCA TACUMĂ 1KG	4,49	FD 10X1KG
arrozConcorrente	conc_322	ARROZ PARBOILIZADO BLUE VILLE T1 1KG	0	uni
arrozConcorrente	conc_323	ARROZ BRANCO GUACIRA T1 2KG	0	uni
feijaoConcorrente	conc_324	FEIJAO CARIOCA PICININ PREMIUM T1 1KG	0	uni
feijaoConcorrente	conc_2460	FEIJĂO CARIOCA ROSALITO 1KG	FD 10/1KG	10/1KG
feijaoConcorrente	conc_3500	FEIJĂO PRETO ROSALITO 1KG	FD 10/1KG	10/1KG
arrozConcorrente	conc_332	ARROZ BRANCO IDEAL T1 5KG	0	uni
	conc_335	FEIJAO BRANCO SOLITO T1 500G	0	uni
arrozConcorrente	conc_336	ARROZ BRANCO DONA MILU T1 1KG	0	uni
	conc_337	FEIJAO BRANCO CAMPO BELO T1 500G	0	uni
feijaoConcorrente	conc_338	FEIJAO CARIOCA KNORR T1 1KG	0	uni
	conc_339	FEIJAO PRETO KNORR T1 1KG	0	uni
feijaoConcorrente	conc_340	FEIJAO FRADINHO KNORR T1 1KG	0	uni
3	conc_3	ARROZ BRANCO EXTREMO SUL 5KG	5kg	5kg
3	conc _5	FEIJAO CARIOCA CALDO CREMOSO 1KG	1kg	1kg
3	conc_4	FEIJAO BRANCO BIJU 500G	500g	500g
3	conc_1	FEIJAO VERMELHO BIJU 500G	500g	500g
3	conc_2	FEIJAO VERMELHO URBANO 500G	500g	500g
arrozConcorrente	conc_341	ARROZ ARBORIO VILLA CERRONI 500G	0	uni
feijaoConcorrente	conc_342	FEIJAO CARIOCA HIKARI T1 500G	0	uni
3	conc_11	ARROZ SOLICITO 5KG	5kg	5kg
3	conc_0	ARROZ PARBOILIZADO SELECT 5KG	5kg	5kg
3	conc_12	ARROZ BRANCO SELECT 1KG	1kg	1kg
3	conc_5	ARROZ BRANCO CARRIJO 5KG	5kg	5kg
3	conc_22	ARROZ PARBOILIZADO PRATO FINO 2KG	2kg	2kg
3	conc_10	ARROZ JAPONES PRATO FINO 1KG	1kg	1kg
3	conc_6	FEIJAO PRETO COMBRASIL 500G	500g	500g
3	conc_7	FEIJAO BRANCO KISABOR 500G	500g	500g
3	conc_8	FEIJAO BRANCO DA TERRINHA 500G	500g	500g
3	conc_2033	ARROZ BRANCO RIO VERDE 5KG	5kg	5kg
3	conc_14	ARROZ PAGANINI ARBORIO 1KG	500g	500g
3	conc_15	ARROZ E AVEIA QUAKER	500g	500g
3	conc_16	SENDNA ARBORIO	500g	500g
3	conc_4509	ARROZ BRANCO ALIBABA 5KG	0	uni
3	conc_18	FEIJAO PRETO CALDO CREMOSO 1KG	1kg	1kg
3	conc_65	ARROZ BRANCO RAROZ PRIME 5KG	5kg	5kg
3	conc_19	ARROZ BRANCO CASA DE MAE 5KG	5kg	5kg
3	conc_20	ARROZ PARBOILIZADO TIO JOAO 2KG	2kg	2kg
3	conc_21	ARROZ BRANCO CASA DE MAE 1KG	1kg	1kg
3	conc_23	ARROZ CAPONE CULINARIA ITALIANA 1KG	1kg	1kg
3	conc_24	ARROZ PRETO CAMIL 250G	250g	250g
3	conc_45	ARROZ BRANCO SAO LUCAS 5KG	5kg	5kg
3	conc_47	ARROZ BRANCO MATEUS 5K	5k	5k
3	conc_49	ARROZ BRANCO ARROZAL 5KG	5kg	5kg
3	conc_50	ARROZ BRANCO ARROZAL 1KG	1kg	1kg
3	conc_1890	ARROZ INTEGRAL DISEMPRE 1KG	1kg	1kg
3	conc_51	ARROZ BRANCO NAGUMO 1KG	1kg	1kg
3	conc_25	MACARRAO LIANE PENE 500G	500g	500g
3	conc_26	MACARRAO LIANE ESPAGUETE 500G	500g	500g
3	conc_27	MACARRAO LIANE PARAFUSO 500G	500g	500g
3	conc_28	MACARRAO CASA DE MAE ESPAGUETE 500G	500g	500g
3	conc_29	MACARRAO CASA DE MAE PARAFUSO 500G	500g	500g
3	conc_30	MACARRAO CASA DE MAE PENE 500G	500g	500g
3	conc_52	ARROZ PARBOILIZADO NAGUMO 1KG	1kg	1kg
3	conc_54	ARROZ INTEGRAL RAROZ 1KG	1kg	1kg
3	conc_33	ARROZ BRANCO BARBORA 5KG	5kg	5kg
3	conc_34	ARROZ BRANCO BARBOSA 5KG	5kg	5kg
3	conc_55	ARROZ INTEGRAL NAGUMO 1KG	1kg	1kg
3	conc_35	ARROZ JAPONES REI ARTHUR 1KG	1kg	1kg
3	conc_56	ARROZ INTEGRAL MANA 1KG	1kg	1kg
3	conc_36	ARROZ JAPONES REI ARTHIR 5KG	5kg	5kg
3	conc_37	ARROZ JAPONES REI ARTHUR 5KG		
3	conc_38	ARROZ PARBOILIZADO BARBOSA 5KG	5kg	5kg
3	conc_59	FEIJAO CARIOCA NAGUMO 1K	1kg	1kg
3	conc_653	ARROZ ARBORIO URBANO 1KG	1kg	1kg
3	conc_894	ARROZ ARBORIO BIJU 1KG	1kg	1kg
3	conc_60	FEIJAO PRETO NAGUMO 1KG	1kg	1kg
3	conc_39	ARROZ INTEGRAL BARBOSA 1KG	1kg	1kg
3	conc_40	FEIJAO CARIOCA BARBOSA 1KG	1kg	1kg
3	conc_41	FEIJAO PRETO BARBOSA 1KG	1kg	1kg
3	conc_790	ARROZ PRETO TIO JOAO 500G	500g	500g
3	conc_42	ARROZ BRANCO TIO JOSE 5KG	5kg	5kg
3	conc_43	ARROZ BRANCO TIO JOSE 1KG	1kg	1kg
3	conc_44	MACARRAO ROSANE PENE	500g	500g
3	conc_46	MACARRAO ROSANE ESPAGUETE 500G	500g	500g
3	conc_48	MACARRAO ROSANE 500G	500g	500g
3	conc_599	ARROZ BRANCO NAGUMO 5KG	5kg	5kg
3	conc_981	ARROZ INTEGRAL ALBARUSKA 1KG	1kg	1kg
2	16	ARROZ BRANCO SABOROSO PREMIUM T1 1KG	0	FD 30/1KG
2	14	ARROZ BRANCO SABOROSO PREMIUM T1 5KG	0	FD 6/5KG
3	conc_782	ARROZ BRANCO IGREJINHA 2KG	2kg	2kg
3	onc_758	ARROZ PARBOILIZADO CARREFOUR 5KG	5kg	5kg
3	conc_589	ARROZ BRANCO IGREJINHA 5KG	5kg	5kg
3	conc_1200	ARROZ BRANCO PATRIOTA 5KG	5kg	5kg
3	conc_865	ARROZ BRANCO PROVINCIAS DO SUL	5kg	5kg
3	conc_1258	ARROZ BRANCO PROVINCIAS DO SUL 5kg	5k	5k
3	conc_795	ARROZ PARBOILIZADO MIRARROZ 5KG	5k	5k
3	conc_784	ARROZ BRANCO PROVINCIAS DO SUL 1KG	1kg	1kg
3	conc_.6644	ARROZ INTEGRAL EMPORIO SAO JOAO 1KG	1kg	1kg
3	conc_6441	ARROZ PARBOILIZADO CANELLA 1KG	1kg	1kg
3	conc_3155	FEIJAO CARIOCA BOM TEMPO 1KG	1kg	1kg
3	conc_46544	FEIJAO BRANCO BOM TEMPO 1KG	1kg	1kg
3	conc_7886	MASSA DE LASANHA DONA BENTA 200G	200g	200g
3	conc_9234	ARROZ PARBOILIZADO COOP 5KG	0	uni
3	conc_48475	ARROZ JAPONES GROU 1KG	1kg	1kg
3	conc_23565	ARROZ PARBOILIZADO BROTO LEGAL 2KG	2kg	2kg
3	conc_47854	MACARRAO BARRILA PARAFUSO 500G	500g	500g
3	conc_8874	MACARRAO BARRILA PENE 500G	500g	500g
3	conc_794	ARROZ BRANCO AUREA 5KG	5kg	5kg
3	conc_11321	MACARRAO BARRILA ESPAGUETE 500G	500g	500g
3	conc_3544	MACARRAO ORQUIDEA PENNE 500G	500g	500g
3	conc_7845	MACARRAO ORQUIDEA PARAFUSO 500G	500g	500g
3	conc_31568	MACARRAO ORQUIDEA ESPAGUETE 500G	500g	500g
1	227	LASANHA FANTASTICO 200G (CX 28/0,2KG)	0	CX 28/0,2KG
3	conc_855464	ARROZ BRANCO BOM NO PRATO 5KG	5kg	5kg
3	conc_8785	ARROZ PARBOILIZADO CARREFOUR 1KG	1kg	1kg
3	conc_8635	ARROZ PARBOILIZADO VILA NOVA 5KG	5k	5k
arrozConcorrente	conc_345	ARROZ BRANCO ROSALITO T1 5KG	0	uni
arrozConcorrente	conc_346	ARROZ BRANCO ROSALITO T1 1KG	0	uni
arrozConcorrente	conc_4123	ARROZ BRANCO VILA NOVA 5KG	5kg	5kg
arrozConcorrente	conc_347	ARROZ BRANCO OURO BRANCO T1 5KG	0	UNI
arrozConcorrente	conc_348	ARROZ BRANCO SEPE T1 5KG	0	UNI
arrozConcorrente	conc_349	ARROZ BRANCO MEU BIJU T1 5KG	0	UNI
arrozConcorrente	conc_350	ARROZ BRANCO TIO LAUTERIO T1 5KG	0	UNI
arrozConcorrente	conc_351	ARROZ BRANCO TIO LENO T1 5KG	0	UNI
feijaoConcorrente	conc_352	FEIJAO CARIOCA PRATO BOM T1 1KG	0	UNI
feijaoConcorrente	conc_353	FEIJAO CARIOCA CARRETEIRO T1 1KG	0	UNI
	conc_354	FEIJAO PRETO PRATO BOM T1 1KG	0	UNI
feijaoConcorrente	conc_355	FEIJAO CARIOCA COMBRASIL T1 1KG	0	UNI
	conc_356	FEIJAO PRETO CARRETEIRO T1 1KG	0	UNI
feijaoConcorrente	conc_357	FEIJAO CARIOCA TIO LANO T1 1KG	0	UNI
	conc_359	FEIJAO PRETO DA CASA T1 1KG	0	UNI
	conc_358	FEIJAO PRETO TIO LANO T1 1KG	0	UNI
feijaoConcorrente	conc_361	FEIJAO CARIOCA NOLAR T1 1KG	0	UNI
arrozConcorrente	conc_360	ARROZ BRANCO SUPER MAXIMO T1 5KG	0	UNI
	conc_362	FEIJAO PRETO NOLAR FT 1KG	0	UNI
feijaoConcorrente	conc_363	FEIJAO CARIOCA PINK T1 1KG	0	UNI
	conc_364	FEIJAO PRETO PINK T1 1KG	0	UNI
arrozConcorrente	conc_365	ARROZ BRANCO  NUTRIPAR T1 5KG	0	UNI
arrozConcorrente	conc_366	ARROZ BRANCO BEM CASADO T1 5KG	0	uni
FIM	749			
